{
  "1193821158265589852": {
    "1064878296480895006": {
      "points": 1250,
      "wins": 45,
      "games": 78,
      "best": 156,
      "total_score": 8950
    },
    "1095234637153968158": {
      "points": 5,
      "wins": 1,
      "games": 1,
      "best": 8,
      "total_score": 8
    },
    "1231344760266952704": {
      "points": 1,
      "wins": 0,
      "games": 1,
      "best": 56,
      "total_score": 56
    },
    "510419036350185475": {
      "points": 1,
      "wins": 0,
      "games": 1,
      "best": 14,
      "total_score": 14
    }
  }
}